{
  "project_info": {
    "project_number": "273584798148",
    "firebase_url": "https://resultinvestmentapp.firebaseio.com",
    "project_id": "resultinvestmentapp",
    "storage_bucket": "resultinvestmentapp.appspot.com"
  },
  "client": [
    {
      "client_info": {
        "mobilesdk_app_id": "1:273584798148:android:2479f156603f4fd0b9cc91",
        "android_client_info": {
          "package_name": "group.lsg.resultinvestmentapp"
        }
      },
      "oauth_client": [
        {
          "client_id": "273584798148-i4s5ftsmeqgm2u0i5gdfss16f9tg0tcv.apps.googleusercontent.com",
          "client_type": 1,
          "android_info": {
            "package_name": "group.lsg.resultinvestmentapp",
            "certificate_hash": "9d10f66d7b87490dfe9a015f22ad45cac81303c1"
          }
        },
        {
          "client_id": "273584798148-gkofpbtkv5u0sp09v5tkv9j2dp089lb0.apps.googleusercontent.com",
          "client_type": 3
        }
      ],
      "api_key": [
        {
          "current_key": "AIzaSyALp8ZugxV-3V2aCClpTVrqCOZCgjBgODI"
        }
      ],
      "services": {
        "appinvite_service": {
          "other_platform_oauth_client": [
            {
              "client_id": "273584798148-gkofpbtkv5u0sp09v5tkv9j2dp089lb0.apps.googleusercontent.com",
              "client_type": 3
            }
          ]
        }
      }
    }
  ],
  "configuration_version": "1"
}